FG3A,FG3M,FG3_PCT,FG_PCT,W,FGA,FGM,FTA,FTM,REB,AST,TOV,DREB,BLK,STL,2P_PCT,TEAM_ID_1610612738,TEAM_ID_1610612739,TEAM_ID_1610612740,TEAM_ID_1610612741,TEAM_ID_1610612742,TEAM_ID_1610612743,TEAM_ID_1610612744,TEAM_ID_1610612745,TEAM_ID_1610612746,TEAM_ID_1610612747,TEAM_ID_1610612748,TEAM_ID_1610612749,TEAM_ID_1610612750,TEAM_ID_1610612751,TEAM_ID_1610612752,TEAM_ID_1610612753,TEAM_ID_1610612754,TEAM_ID_1610612755,TEAM_ID_1610612756,TEAM_ID_1610612757,TEAM_ID_1610612758,TEAM_ID_1610612759,TEAM_ID_1610612760,TEAM_ID_1610612761,TEAM_ID_1610612762,TEAM_ID_1610612763,TEAM_ID_1610612764,TEAM_ID_1610612765,TEAM_ID_1610612766,SEASON_2015-16,SEASON_2016-17,SEASON_2017-18,SEASON_2018-19,SEASON_2019-20,SEASON_2020-21,SEASON_2021-22,SEASON_2022-23
2505,882,35.199999999999996,48.3,41,7574,3658,1850,1513,3639,2049,1060.0,2719,401,580,54.76425330439929,False,False,False,False,False,False,False,False,False,False,False,False,False,False,False,False,False,False,False,False,False,False,False,False,False,False,False,False,False,False,False,False,False,False,False,False,True
3492,1315,37.7,47.5,57,7278,3460,1769,1436,3717,2186,1095.0,2921,430,521,56.65610142630745,True,False,False,False,False,False,False,False,False,False,False,False,False,False,False,False,False,False,False,False,False,False,False,False,False,False,False,False,False,False,False,False,False,False,False,False,True
2771,1048,37.8,48.699999999999996,45,6978,3399,1811,1449,3322,2093,1127.0,2648,506,585,55.883052056096986,False,False,False,False,False,False,False,False,False,False,False,False,False,True,False,False,False,False,False,False,False,False,False,False,False,False,False,False,False,False,False,False,False,False,False,False,True
2669,881,33.0,45.7,27,7413,3385,1932,1447,3652,2062,1164.0,2751,425,634,52.78246205733558,False,False,False,False,False,False,False,False,False,False,False,False,False,False,False,False,False,False,False,False,False,False,False,False,False,False,False,False,True,False,False,False,False,False,False,False,True
2367,854,36.1,49.0,40,7116,3488,1788,1446,3473,2006,1097.0,2779,371,644,55.46430827542641,False,False,False,True,False,False,False,False,False,False,False,False,False,False,False,False,False,False,False,False,False,False,False,False,False,False,False,False,False,False,False,False,False,False,False,False,True
2589,950,36.7,48.8,51,6984,3408,1844,1439,3369,2045,1094.0,2574,384,586,55.92718998862344,False,True,False,False,False,False,False,False,False,False,False,False,False,False,False,False,False,False,False,False,False,False,False,False,False,False,False,False,False,False,False,False,False,False,False,False,True
3362,1246,37.1,47.5,38,6909,3283,2057,1554,3181,1880,1002.0,2556,304,514,57.4288130814773,False,False,False,False,True,False,False,False,False,False,False,False,False,False,False,False,False,False,False,False,False,False,False,False,False,False,False,False,False,False,False,False,False,False,False,False,True
2559,969,37.9,50.4,53,7088,3574,1834,1378,3527,2368,1192.0,2699,368,618,57.51821594170898,False,False,False,False,False,True,False,False,False,False,False,False,False,False,False,False,False,False,False,False,False,False,False,False,False,False,False,False,False,False,False,False,False,False,False,False,True
2659,934,35.099999999999994,45.4,17,7140,3244,2106,1623,3480,1884,1237.0,2564,308,574,51.55099308190137,False,False,False,False,False,False,False,False,False,False,False,False,False,False,False,False,False,False,False,False,False,False,False,False,False,False,False,True,False,False,False,False,False,False,False,False,True
3540,1363,38.5,47.9,44,7393,3538,1655,1314,3657,2446,1336.0,2793,324,588,56.4495198546587,False,False,False,False,False,False,True,False,False,False,False,False,False,False,False,False,False,False,False,False,False,False,False,False,False,False,False,False,False,False,False,False,False,False,False,False,True
2619,856,32.7,45.7,22,7287,3329,2078,1567,3795,1835,1332.0,2695,374,600,52.9777206512425,False,False,False,False,False,False,False,True,False,False,False,False,False,False,False,False,False,False,False,False,False,False,False,False,False,False,False,False,False,False,False,False,False,False,False,False,True
3030,1112,36.7,46.9,35,7345,3444,1944,1535,3407,2213,1224.0,2575,478,631,54.04403244495944,False,False,False,False,False,False,False,False,False,False,False,False,False,False,False,False,True,False,False,False,False,False,False,False,False,False,False,False,False,False,False,False,False,False,False,False,True
2734,1041,38.1,47.699999999999996,44,7060,3370,1962,1533,3545,1959,1167.0,2742,364,580,53.837263060564034,False,False,False,False,False,False,False,False,True,False,False,False,False,False,False,False,False,False,False,False,False,False,False,False,False,False,False,False,False,False,False,False,False,False,False,False,True
2558,885,34.599999999999994,48.199999999999996,43,7298,3516,2182,1691,3748,2072,1154.0,2930,378,526,55.506329113924046,False,False,False,False,False,False,False,False,False,True,False,False,False,False,False,False,False,False,False,False,False,False,False,False,False,False,False,False,False,False,False,False,False,False,False,False,True
2807,985,35.099999999999994,47.5,51,7551,3585,1954,1432,3823,2135,1116.0,2835,473,680,54.80607082630692,False,False,False,False,False,False,False,False,False,False,False,False,False,False,False,False,False,False,False,False,False,False,False,False,False,True,False,False,False,False,False,False,False,False,False,False,True
2852,980,34.4,46.0,44,6991,3215,1885,1567,3329,1955,1106.0,2533,243,655,53.998550374486584,False,False,False,False,False,False,False,False,False,False,True,False,False,False,False,False,False,False,False,False,False,False,False,False,False,False,False,False,False,False,False,False,False,False,False,False,True
3306,1217,36.8,47.3,58,7411,3504,1837,1364,3988,2115,1199.0,3074,403,521,55.71254567600488,False,False,False,False,False,False,False,False,False,False,False,True,False,False,False,False,False,False,False,False,False,False,False,False,False,False,False,False,False,False,False,False,False,False,False,False,True
2731,997,36.5,49.0,42,7167,3515,1942,1467,3435,2145,1258.0,2686,444,657,56.762849413886386,False,False,False,False,False,False,False,False,False,False,False,False,True,False,False,False,False,False,False,False,False,False,False,False,False,False,False,False,False,False,False,False,False,False,False,False,True
2468,899,36.4,48.0,42,7180,3447,2000,1585,3583,2122,1196.0,2717,337,681,54.074702886247884,False,False,True,False,False,False,False,False,False,False,False,False,False,False,False,False,False,False,False,False,False,False,False,False,False,False,False,False,False,False,False,False,False,False,False,False,True
2930,1037,35.4,47.0,47,7328,3444,2087,1589,3821,1880,1065.0,2790,340,527,54.7294224647567,False,False,False,False,False,False,False,False,False,False,False,False,False,False,True,False,False,False,False,False,False,False,False,False,False,False,False,False,False,False,False,False,False,False,False,False,True
2797,995,35.6,46.5,40,7590,3533,1944,1572,3580,2002,1070.0,2646,341,676,52.95222199040267,False,False,False,False,False,False,False,False,False,False,False,False,False,False,False,False,False,False,False,False,False,False,True,False,False,False,False,False,False,False,False,False,False,False,False,False,True
2551,883,34.599999999999994,47.0,34,7074,3323,2050,1607,3546,1906,1236.0,2713,382,603,53.94649568870219,False,False,False,False,False,False,False,False,False,False,False,False,False,False,False,True,False,False,False,False,False,False,False,False,False,False,False,False,False,False,False,False,False,False,False,False,True
2675,1035,38.7,48.699999999999996,54,6870,3347,2058,1719,3356,2063,1121.0,2641,389,635,55.11323003575686,False,False,False,False,False,False,False,False,False,False,False,False,False,False,False,False,False,True,False,False,False,False,False,False,False,False,False,False,False,False,False,False,False,False,False,False,True
2674,1001,37.4,46.7,45,7388,3453,1781,1412,3628,2235,1110.0,2657,432,585,52.015273652948665,False,False,False,False,False,False,False,False,False,False,False,False,False,False,False,False,False,False,True,False,False,False,False,False,False,False,False,False,False,False,False,False,False,False,False,False,True
2893,1056,36.5,47.4,33,7001,3317,2021,1609,3325,1981,1185.0,2551,376,553,55.038948393378774,False,False,False,False,False,False,False,False,False,False,False,False,False,False,False,False,False,False,False,True,False,False,False,False,False,False,False,False,False,False,False,False,False,False,False,False,True
3060,1128,36.9,49.4,48,7232,3573,2055,1624,3481,2237,1106.0,2699,275,574,58.604985618408435,False,False,False,False,False,False,False,False,False,False,False,False,False,False,False,False,False,False,False,False,True,False,False,False,False,False,False,False,False,False,False,False,False,False,False,False,True
2640,911,34.5,46.5,22,7593,3533,1739,1292,3584,2232,1253.0,2619,322,572,52.937613567534825,False,False,False,False,False,False,False,False,False,False,False,False,False,False,False,False,False,False,False,False,False,True,False,False,False,False,False,False,False,False,False,False,False,False,False,False,True
2626,880,33.5,45.9,41,7489,3434,1922,1506,3528,1961,956.0,2485,424,772,52.519021180341355,False,False,False,False,False,False,False,False,False,False,False,False,False,False,False,False,False,False,False,False,False,False,False,True,False,False,False,False,False,False,False,False,False,False,False,False,True
3099,1094,35.3,47.3,37,7365,3485,1955,1536,3762,2129,1259.0,2794,429,500,56.0478199718706,False,False,False,False,False,False,False,False,False,False,False,False,False,False,False,False,False,False,False,False,False,False,False,False,True,False,False,False,False,False,False,False,False,False,False,False,True
2601,925,35.6,48.5,35,7127,3456,1838,1442,3578,2083,1158.0,2804,424,561,55.92134334953601,False,False,False,False,False,False,False,False,False,False,False,False,False,False,False,False,False,False,False,False,False,False,False,False,False,False,True,False,False,False,False,False,False,False,False,False,True
2821,1056,37.4,47.0,43,7241,3401,1829,1485,3606,2017,972.0,2783,348,587,53.05429864253394,False,False,False,False,False,False,False,False,False,False,False,False,False,False,False,False,False,False,False,False,False,False,False,False,False,False,False,False,False,False,False,False,False,False,False,True,False
3044,1085,35.6,46.6,51,7167,3341,1713,1397,3778,2036,1118.0,2915,478,591,54.717438758185786,True,False,False,False,False,False,False,False,False,False,False,False,False,False,False,False,False,False,False,False,False,False,False,False,False,False,False,False,False,False,False,False,False,False,False,True,False
2602,940,36.1,47.5,44,7251,3442,1781,1434,3640,2071,1153.0,2796,448,582,53.818025381802535,False,False,False,False,False,False,False,False,False,False,False,False,False,True,False,False,False,False,False,False,False,False,False,False,False,False,False,False,False,False,False,False,False,False,False,True,False
3130,1143,36.5,46.800000000000004,43,7497,3508,1753,1298,3655,2302,1087.0,2767,402,707,54.15617128463476,False,False,False,False,False,False,False,False,False,False,False,False,False,False,False,False,False,False,False,False,False,False,False,False,False,False,False,False,True,False,False,False,False,False,False,True,False
2364,872,36.9,48.0,46,7127,3422,1766,1436,3471,1958,1053.0,2760,336,585,53.53768633214361,False,False,False,True,False,False,False,False,False,False,False,False,False,False,False,False,False,False,False,False,False,False,False,False,False,False,False,False,False,False,False,False,False,False,False,True,False
2686,953,35.5,46.9,44,6940,3255,1810,1376,3623,2064,1181.0,2786,343,580,54.11377527033381,False,True,False,False,False,False,False,False,False,False,False,False,False,False,False,False,False,False,False,False,False,False,False,False,False,False,False,False,False,False,False,False,False,False,False,True,False
3063,1073,35.0,46.1,52,6982,3222,1739,1341,3528,1918,1025.0,2769,325,552,54.83541719826487,False,False,False,False,True,False,False,False,False,False,False,False,False,False,False,False,False,False,False,False,False,False,False,False,False,False,False,False,False,False,False,False,False,False,False,True,False
2944,1039,35.3,48.3,48,7079,3416,1725,1372,3617,2279,1189.0,2865,305,592,57.48488512696493,False,False,False,False,False,True,False,False,False,False,False,False,False,False,False,False,False,False,False,False,False,False,False,False,False,False,False,False,False,False,False,False,False,False,False,True,False
2838,925,32.6,43.1,23,7267,3129,1806,1413,3525,1924,1163.0,2625,393,630,49.762926168435314,False,False,False,False,False,False,False,False,False,False,False,False,False,False,False,False,False,False,False,False,False,False,False,False,False,False,False,True,False,False,False,False,False,False,False,True,False
3231,1176,36.4,46.9,53,7087,3323,1665,1280,3730,2223,1221.0,2930,372,719,55.67946058091287,False,False,False,False,False,False,True,False,False,False,False,False,False,False,False,False,False,False,False,False,False,False,False,False,False,False,False,False,False,False,False,False,False,False,False,True,False
3170,1105,34.9,45.6,20,7083,3229,2010,1434,3446,1932,1351.0,2660,382,600,54.28060311781242,False,False,False,False,False,False,False,True,False,False,False,False,False,False,False,False,False,False,False,False,False,False,False,False,False,False,False,False,False,False,False,False,False,False,False,True,False
2899,997,34.4,46.300000000000004,25,7338,3398,1754,1347,3596,2081,1183.0,2671,457,582,54.08875872944356,False,False,False,False,False,False,False,False,False,False,False,False,False,False,False,False,True,False,False,False,False,False,False,False,False,False,False,False,False,False,False,False,False,False,False,True,False
2802,1047,37.4,45.800000000000004,42,7170,3285,1606,1273,3607,1969,1126.0,2860,406,608,51.23626373626373,False,False,False,False,False,False,False,False,True,False,False,False,False,False,False,False,False,False,False,False,False,False,False,False,False,False,False,False,False,False,False,False,False,False,False,True,False
2826,982,34.699999999999996,46.9,33,7279,3415,1884,1380,3608,1968,1191.0,2826,425,626,54.637323152930605,False,False,False,False,False,False,False,False,False,True,False,False,False,False,False,False,False,False,False,False,False,False,False,False,False,False,False,False,False,False,False,False,False,False,False,True,False
2679,945,35.3,46.1,56,7739,3571,1898,1393,4032,2131,1082.0,2873,533,800,51.89723320158103,False,False,False,False,False,False,False,False,False,False,False,False,False,False,False,False,False,False,False,False,False,False,False,False,False,True,False,False,False,False,False,False,False,False,False,True,False
2936,1114,37.9,46.7,53,6954,3246,1753,1416,3585,2090,1194.0,2778,265,606,53.06122448979592,False,False,False,False,False,False,False,False,False,False,True,False,False,False,False,False,False,False,False,False,False,False,False,False,False,False,False,False,False,False,False,False,False,False,False,True,False
3151,1153,36.6,46.800000000000004,51,7331,3429,1881,1459,3830,1960,1100.0,2990,326,623,54.44976076555024,False,False,False,False,False,False,False,False,False,False,False,True,False,False,False,False,False,False,False,False,False,False,False,False,False,False,False,False,False,False,False,False,False,False,False,True,False
3386,1211,35.8,45.7,46,7458,3411,1894,1474,3621,2106,1175.0,2700,460,721,54.02750491159135,False,False,False,False,False,False,False,False,False,False,False,False,True,False,False,False,False,False,False,False,False,False,False,False,False,False,False,False,False,False,False,False,False,False,False,True,False
2629,873,33.2,45.7,36,7212,3294,1903,1501,3707,2047,1153.0,2726,328,680,52.825660048003485,False,False,True,False,False,False,False,False,False,False,False,False,False,False,False,False,False,False,False,False,False,False,False,False,False,False,False,False,False,False,False,False,False,False,False,True,False
3029,1082,35.699999999999996,43.7,37,7069,3088,1980,1473,3782,1793,1087.0,2841,399,570,49.65346534653465,False,False,False,False,False,False,False,False,False,False,False,False,False,False,True,False,False,False,False,False,False,False,False,False,False,False,False,False,False,False,False,False,False,False,False,True,False
3066,991,32.300000000000004,43.0,24,7310,3141,1632,1233,3741,1822,1145.0,2887,380,622,50.6597549481621,False,False,False,False,False,False,False,False,False,False,False,False,False,False,False,False,False,False,False,False,False,False,True,False,False,False,False,False,False,False,False,False,False,False,False,True,False
3022,999,33.1,43.4,22,7240,3139,1614,1270,3631,1947,1188.0,2885,367,555,50.734945471787576,False,False,False,False,False,False,False,False,False,False,False,False,False,False,False,True,False,False,False,False,False,False,False,False,False,False,False,False,False,False,False,False,False,False,False,True,False
2608,950,36.4,46.6,51,6932,3230,1955,1605,3470,1945,1027.0,2770,435,633,52.72895467160037,False,False,False,False,False,False,False,False,False,False,False,False,False,False,False,False,False,True,False,False,False,False,False,False,False,False,False,False,False,False,False,False,False,False,False,True,False
2616,951,36.4,48.5,64,7389,3581,1635,1303,3714,2244,1060.0,2913,359,702,55.10161324114813,False,False,False,False,False,False,False,False,False,False,False,False,False,False,False,False,False,False,True,False,False,False,False,False,False,False,False,False,False,False,False,False,False,False,False,True,False
3017,1043,34.599999999999994,44.2,27,7144,3161,1771,1346,3515,1880,1187.0,2661,366,657,51.32057184395444,False,False,False,False,False,False,False,False,False,False,False,False,False,False,False,False,False,False,False,True,False,False,False,False,False,False,False,False,False,False,False,False,False,False,False,True,False
2722,937,34.4,46.0,30,7223,3321,1908,1466,3521,1943,1156.0,2737,369,588,52.96600755387691,False,False,False,False,False,False,False,False,False,False,False,False,False,False,False,False,False,False,False,False,True,False,False,False,False,False,False,False,False,False,False,False,False,False,False,True,False
2626,925,35.199999999999996,46.7,34,7601,3546,1673,1262,3716,2289,1043.0,2815,403,626,52.68341708542713,False,False,False,False,False,False,False,False,False,False,False,False,False,False,False,False,False,False,False,False,False,True,False,False,False,False,False,False,False,False,False,False,False,False,False,True,False
2808,979,34.9,44.5,48,7489,3332,1749,1327,3717,1809,1021.0,2622,376,738,50.26703695791498,False,False,False,False,False,False,False,False,False,False,False,False,False,False,False,False,False,False,False,False,False,False,False,True,False,False,False,False,False,False,False,False,False,False,False,True,False
3308,1192,36.0,47.099999999999994,49,7067,3327,1916,1470,3800,1836,1148.0,2916,402,588,56.79702048417133,False,False,False,False,False,False,False,False,False,False,False,False,False,False,False,False,False,False,False,False,False,False,False,False,True,False,False,False,False,False,False,False,False,False,False,True,False
2512,860,34.2,47.199999999999996,35,7056,3327,1778,1393,3535,2052,1077.0,2798,406,522,54.29137323943662,False,False,False,False,False,False,False,False,False,False,False,False,False,False,False,False,False,False,False,False,False,False,False,False,False,False,True,False,False,False,False,False,False,False,False,True,False
2402,895,37.3,46.800000000000004,41,6281,2937,1745,1417,3285,1737,953.0,2525,342,503,52.642433616911575,False,False,False,False,False,False,False,False,False,False,False,False,False,False,False,False,False,False,False,False,False,False,False,False,False,False,False,False,False,False,False,False,False,False,True,False,False
2618,979,37.4,46.6,36,6401,2985,1496,1160,3186,1689,1012.0,2421,383,556,53.02669838752313,True,False,False,False,False,False,False,False,False,False,False,False,False,False,False,False,False,False,False,False,False,False,False,False,False,False,False,False,False,False,False,False,False,False,True,False,False
2600,1020,39.2,49.4,48,6289,3106,1623,1305,3199,1929,975.0,2559,379,484,56.54648956356736,False,False,False,False,False,False,False,False,False,False,False,False,False,True,False,False,False,False,False,False,False,False,False,False,False,False,False,False,False,False,False,False,False,False,True,False,False
2666,985,36.9,45.5,33,6324,2875,1505,1146,3151,1933,1069.0,2389,344,565,51.66757791142701,False,False,False,False,False,False,False,False,False,False,False,False,False,False,False,False,False,False,False,False,False,False,False,False,False,False,False,False,True,False,False,False,False,False,True,False,False
2446,904,37.0,47.599999999999994,31,6380,3035,1258,995,3237,1927,1089.0,2544,304,482,54.168784951703095,False,False,False,True,False,False,False,False,False,False,False,False,False,False,False,False,False,False,False,False,False,False,False,False,False,False,False,False,False,False,False,False,False,False,True,False,False
2141,720,33.6,45.0,22,6175,2778,1614,1200,3078,1716,1114.0,2327,325,559,51.01636093207734,False,True,False,False,False,False,False,False,False,False,False,False,False,False,False,False,False,False,False,False,False,False,False,False,False,False,False,False,False,False,False,False,False,False,True,False,False
2744,994,36.199999999999996,47.0,42,6287,2958,1524,1186,3120,1647,869.0,2463,311,450,55.43324865932825,False,False,False,False,True,False,False,False,False,False,False,False,False,False,False,False,False,False,False,False,False,False,False,False,False,False,False,False,False,False,False,False,False,False,True,False,False
2462,927,37.7,48.5,47,6422,3114,1406,1129,3200,1933,972.0,2442,323,582,55.22727272727273,False,False,False,False,False,True,False,False,False,False,False,False,False,False,False,False,False,False,False,False,False,False,False,False,False,False,False,False,False,False,False,False,False,False,True,False,False
2370,832,35.099999999999994,45.2,20,6162,2783,1683,1278,3075,1743,1075.0,2381,371,531,51.45042194092827,False,False,False,False,False,False,False,False,False,False,False,False,False,False,False,False,False,False,False,False,False,False,False,False,False,False,False,True,False,False,False,False,False,False,True,False,False
2789,1048,37.6,46.800000000000004,39,6347,2973,1520,1193,3098,1991,1080.0,2524,342,587,54.10342889263631,False,False,False,False,False,False,True,False,False,False,False,False,False,False,False,False,False,False,False,False,False,False,False,False,False,False,False,False,False,False,False,False,False,False,True,False,False
2923,992,33.900000000000006,44.4,17,6372,2826,1606,1189,3067,1699,1060.0,2396,361,546,53.174833285010145,False,False,False,False,False,False,False,True,False,False,False,False,False,False,False,False,False,False,False,False,False,False,False,False,False,False,False,False,False,False,False,False,False,False,True,False,False
2445,889,36.4,47.4,34,6567,3115,1493,1183,3072,1973,975.0,2424,460,611,54.00291120815138,False,False,False,False,False,False,False,False,False,False,False,False,False,False,False,False,True,False,False,False,False,False,False,False,False,False,False,False,False,False,False,False,False,False,True,False,False
2498,1027,41.099999999999994,48.199999999999996,47,6242,3009,1387,1164,3179,1756,949.0,2501,295,509,52.93803418803419,False,False,False,False,False,False,False,False,True,False,False,False,False,False,False,False,False,False,False,False,False,False,False,False,False,False,False,False,False,False,False,False,False,False,True,False,False
2248,796,35.4,47.199999999999996,42,6197,2925,1679,1241,3185,1775,1095.0,2490,386,562,53.91238288174222,False,False,False,False,False,False,False,False,False,True,False,False,False,False,False,False,False,False,False,False,False,False,False,False,False,False,False,False,False,False,False,False,False,False,True,False,False
2258,803,35.6,46.7,38,6608,3085,1536,1184,3346,1938,957.0,2543,364,655,52.45977011494253,False,False,False,False,False,False,False,False,False,False,False,False,False,False,False,False,False,False,False,False,False,False,False,False,False,True,False,False,False,False,False,False,False,False,True,False,False
2606,932,35.8,46.800000000000004,40,6029,2824,1520,1201,2988,1895,1013.0,2409,286,569,55.27315220566754,False,False,False,False,False,False,False,False,False,False,True,False,False,False,False,False,False,False,False,False,False,False,False,False,False,False,False,False,False,False,False,False,False,False,True,False,False
2669,1038,38.9,48.699999999999996,46,6610,3221,1539,1169,3465,1834,995.0,2724,334,585,55.39203247906622,False,False,False,False,False,False,False,False,False,False,False,True,False,False,False,False,False,False,False,False,False,False,False,False,False,False,False,False,False,False,False,False,False,False,True,False,False
2706,944,34.9,44.800000000000004,23,6546,2932,1662,1265,3133,1846,1027.0,2376,398,632,51.770833333333336,False,False,False,False,False,False,False,False,False,False,False,False,True,False,False,False,False,False,False,False,False,False,False,False,False,False,False,False,False,False,False,False,False,False,True,False,False
2190,762,34.8,47.699999999999996,31,6412,3060,1878,1369,3413,1872,1052.0,2568,315,545,54.42918048318332,False,False,True,False,False,False,False,False,False,False,False,False,False,False,False,False,False,False,False,False,False,False,False,False,False,False,False,False,False,False,False,False,False,False,True,False,False
2163,847,39.2,45.6,41,6225,2839,1506,1181,3250,1541,932.0,2554,365,507,49.039881831610046,False,False,False,False,False,False,False,False,False,False,False,False,False,False,True,False,False,False,False,False,False,False,False,False,False,False,False,False,False,False,False,False,False,False,True,False,False
2529,857,33.900000000000006,44.1,22,6338,2795,1536,1113,3283,1588,1162.0,2568,316,504,50.87949593069047,False,False,False,False,False,False,False,False,False,False,False,False,False,False,False,False,False,False,False,False,False,False,True,False,False,False,False,False,False,False,False,False,False,False,True,False,False
2288,784,34.300000000000004,42.9,21,6423,2754,1543,1196,3272,1571,924.0,2525,318,496,47.64207980652962,False,False,False,False,False,False,False,False,False,False,False,False,False,False,False,True,False,False,False,False,False,False,False,False,False,False,False,False,False,False,False,False,False,False,True,False,False
2169,811,37.4,47.599999999999994,49,6257,2981,1836,1409,3244,1706,1040.0,2522,447,655,53.082191780821915,False,False,False,False,False,False,False,False,False,False,False,False,False,False,False,False,False,True,False,False,False,False,False,False,False,False,False,False,False,False,False,False,False,False,True,False,False
2490,940,37.8,49.0,51,6357,3118,1347,1124,3092,1939,902.0,2462,312,517,56.32273079906904,False,False,False,False,False,False,False,False,False,False,False,False,False,False,False,False,False,False,True,False,False,False,False,False,False,False,False,False,False,False,False,False,False,False,True,False,False
2939,1132,38.5,45.300000000000004,42,6558,2973,1558,1282,3207,1531,799.0,2441,363,496,50.870406189555126,False,False,False,False,False,False,False,False,False,False,False,False,False,False,False,False,False,False,False,True,False,False,False,False,False,False,False,False,False,False,False,False,False,False,True,False,False
2400,874,36.4,48.1,31,6382,3067,1585,1181,2981,1836,963.0,2307,358,543,55.07282772476143,False,False,False,False,False,False,False,False,False,False,False,False,False,False,False,False,False,False,False,False,True,False,False,False,False,False,False,False,False,False,False,False,False,False,True,False,False
2046,716,35.0,46.2,33,6518,3014,1584,1254,3158,1759,821.0,2489,366,505,51.38640429338104,False,False,False,False,False,False,False,False,False,False,False,False,False,False,False,False,False,False,False,False,False,True,False,False,False,False,False,False,False,False,False,False,False,False,True,False,False
2831,1041,36.8,44.800000000000004,27,6383,2859,1536,1252,2994,1735,952.0,2314,388,618,51.182432432432435,False,False,False,False,False,False,False,False,False,False,False,False,False,False,False,False,False,False,False,False,False,False,False,True,False,False,False,False,False,False,False,False,False,False,True,False,False
3098,1205,38.9,46.800000000000004,52,6344,2971,1546,1235,3474,1703,1023.0,2709,371,474,54.40542205791744,False,False,False,False,False,False,False,False,False,False,False,False,False,False,False,False,False,False,False,False,False,False,False,False,True,False,False,False,False,False,False,False,False,False,True,False,False
2088,733,35.099999999999994,47.5,34,6547,3108,1884,1449,3254,1835,1036.0,2557,297,528,53.2630634671451,False,False,False,False,False,False,False,False,False,False,False,False,False,False,False,False,False,False,False,False,False,False,False,False,False,False,True,False,False,False,False,False,False,False,True,False,False
2416,805,33.300000000000004,44.9,20,6067,2723,1566,1237,2898,1605,1086.0,2237,341,523,52.53355245138318,False,False,False,False,False,False,False,False,False,False,False,False,False,False,False,False,False,False,False,False,False,False,False,False,False,False,False,False,False,False,False,False,False,True,False,False,False
2487,905,36.4,46.1,48,6448,2971,1668,1336,3317,1655,995.0,2549,406,595,52.15854582176218,True,False,False,False,False,False,False,False,False,False,False,False,False,False,False,False,False,False,False,False,False,False,False,False,False,False,False,False,False,False,False,False,False,True,False,False,False
2746,941,34.300000000000004,44.800000000000004,35,6498,2908,1732,1291,3449,1761,1099.0,2683,323,464,52.42537313432835,False,False,False,False,False,False,False,False,False,False,False,False,False,True,False,False,False,False,False,False,False,False,False,False,False,False,False,False,False,False,False,False,False,True,False,False,False
2231,785,35.199999999999996,43.4,23,5586,2425,1406,1052,2781,1549,949.0,2066,268,428,48.8822652757079,False,False,False,False,False,False,False,False,False,False,False,False,False,False,False,False,False,False,False,False,False,False,False,False,False,False,False,False,True,False,False,False,False,True,False,False,False
2282,793,34.8,44.7,22,5762,2573,1332,1006,2721,1510,1005.0,2041,265,652,51.14942528735632,False,False,False,True,False,False,False,False,False,False,False,False,False,False,False,False,False,False,False,False,False,False,False,False,False,False,False,False,False,False,False,False,False,True,False,False,False
2070,727,35.099999999999994,45.800000000000004,19,5715,2619,1296,983,2876,1500,1073.0,2172,211,447,51.906721536351164,False,True,False,False,False,False,False,False,False,False,False,False,False,False,False,False,False,False,False,False,False,False,False,False,False,False,False,False,False,False,False,False,False,True,False,False,False
3095,1136,36.7,46.1,43,6772,3124,1787,1392,3520,1849,953.0,2729,363,460,54.065814522708735,False,False,False,False,True,False,False,False,False,False,False,False,False,False,False,False,False,False,False,False,False,False,False,False,False,False,False,False,False,False,False,False,False,True,False,False,False
2234,801,35.9,47.3,46,6488,3069,1526,1185,3222,1952,1005.0,2436,337,586,53.31452750352609,False,False,False,False,False,True,False,False,False,False,False,False,False,False,False,False,False,False,False,False,False,False,False,False,False,False,False,False,False,False,False,False,False,True,False,False,False
2157,791,36.7,45.9,20,5658,2595,1476,1097,2753,1589,1008.0,2109,299,490,51.52813481862325,False,False,False,False,False,False,False,False,False,False,False,False,False,False,False,False,False,False,False,False,False,False,False,False,False,False,False,True,False,False,False,False,False,True,False,False,False
2032,678,33.4,43.8,15,5730,2510,1511,1214,2785,1663,969.0,2138,299,534,49.54029204975662,False,False,False,False,False,False,True,False,False,False,False,False,False,False,False,False,False,False,False,False,False,False,False,False,False,False,False,False,False,False,False,False,False,True,False,False,False
3261,1126,34.5,45.1,44,6512,2936,1876,1484,3188,1557,1057.0,2484,371,627,55.6751768686558,False,False,False,False,False,False,False,True,False,False,False,False,False,False,False,False,False,False,False,False,False,False,False,False,False,False,False,False,False,False,False,False,False,True,False,False,False
2046,743,36.3,47.599999999999994,45,6457,3075,1393,1096,3125,1888,967.0,2489,376,543,52.867830423940156,False,False,False,False,False,False,False,False,False,False,False,False,False,False,False,False,True,False,False,False,False,False,False,False,False,False,False,False,False,False,False,False,False,True,False,False,False
2410,895,37.1,46.6,49,6425,2992,1894,1498,3431,1708,1051.0,2664,338,511,52.22914072229141,False,False,False,False,False,False,False,False,True,False,False,False,False,False,False,False,False,False,False,False,False,False,False,False,False,False,False,False,False,False,False,False,False,True,False,False,False
2242,782,34.9,48.0,52,6269,3006,1728,1260,3247,1803,1077.0,2490,468,612,55.227216290042215,False,False,False,False,False,False,False,False,False,True,False,False,False,False,False,False,False,False,False,False,False,False,False,False,False,False,False,False,False,False,False,False,False,True,False,False,False
2297,798,34.699999999999996,46.800000000000004,34,6634,3106,1589,1212,3397,1965,1113.0,2643,398,576,53.21650910767812,False,False,False,False,False,False,False,False,False,False,False,False,False,False,False,False,False,False,False,False,False,False,False,False,False,True,False,False,False,False,False,False,False,True,False,False,False
2584,979,37.9,46.800000000000004,44,6160,2880,1840,1440,3239,1892,1088.0,2619,332,547,53.159955257270695,False,False,False,False,False,False,False,False,False,False,True,False,False,False,False,False,False,False,False,False,False,False,False,False,False,False,False,False,False,False,False,False,False,True,False,False,False
2840,1007,35.5,47.599999999999994,56,6638,3160,1800,1336,3774,1889,1102.0,3083,429,526,56.68773038441285,False,False,False,False,False,False,False,False,False,False,False,True,False,False,False,False,False,False,False,False,False,False,False,False,False,False,False,False,False,False,False,False,False,True,False,False,False
2540,853,33.6,44.1,19,5865,2586,1624,1223,2868,1525,981.0,2193,362,555,52.1203007518797,False,False,False,False,False,False,False,False,False,False,False,False,True,False,False,False,False,False,False,False,False,False,False,False,False,False,False,False,False,False,False,False,False,True,False,False,False
2656,982,37.0,46.5,30,6598,3065,1687,1229,3348,1932,1181.0,2551,358,539,52.84119736174531,False,False,True,False,False,False,False,False,False,False,False,False,False,False,False,False,False,False,False,False,False,False,False,False,False,False,False,False,False,False,False,False,False,True,False,False,False
1872,631,33.7,44.7,21,5896,2638,1550,1076,3069,1456,946.0,2274,313,504,49.87574552683897,False,False,False,False,False,False,False,False,False,False,False,False,False,False,True,False,False,False,False,False,False,False,False,False,False,False,False,False,False,False,False,False,False,True,False,False,False
2171,770,35.5,46.800000000000004,44,6156,2879,1787,1422,3088,1562,986.0,2495,353,550,52.923462986198246,False,False,False,False,False,False,False,False,False,False,False,False,False,False,False,False,False,False,False,False,False,False,True,False,False,False,False,False,False,False,False,False,False,True,False,False,False
2354,807,34.300000000000004,44.4,33,6468,2871,1656,1282,3249,1747,937.0,2498,396,599,50.170150704910064,False,False,False,False,False,False,False,False,False,False,False,False,False,False,False,True,False,False,False,False,False,False,False,False,False,False,False,False,False,False,False,False,False,True,False,False,False
2307,848,36.8,46.800000000000004,43,6417,3000,1638,1236,3317,1884,1037.0,2553,389,586,52.360097323600975,False,False,False,False,False,False,False,False,False,False,False,False,False,False,False,False,False,True,False,False,False,False,False,False,False,False,False,False,False,False,False,False,False,True,False,False,False
2320,831,35.8,46.800000000000004,34,6429,3006,1740,1451,3177,1987,1077.0,2465,290,559,52.932587004137254,False,False,False,False,False,False,False,False,False,False,False,False,False,False,False,False,False,False,True,False,False,False,False,False,False,False,False,False,False,False,False,False,False,True,False,False,False
2525,952,37.7,46.300000000000004,35,6749,3122,1632,1312,3353,1525,946.0,2599,451,465,51.373106060606055,False,False,False,False,False,False,False,False,False,False,False,False,False,False,False,False,False,False,False,True,False,False,False,False,False,False,False,False,False,False,False,False,False,True,False,False,False
2511,914,36.4,46.2,31,6364,2943,1464,1127,3067,1713,1043.0,2372,293,556,52.66026472878277,False,False,False,False,False,False,False,False,False,False,False,False,False,False,False,False,False,False,False,False,True,False,False,False,False,False,False,False,False,False,False,False,False,True,False,False,False
2021,760,37.6,47.199999999999996,32,6350,2995,1664,1348,3170,1751,895.0,2530,390,518,51.628551628551634,False,False,False,False,False,False,False,False,False,False,False,False,False,False,False,False,False,False,False,False,False,True,False,False,False,False,False,False,False,False,False,False,False,True,False,False,False
2663,995,37.4,45.800000000000004,53,6331,2897,1670,1329,3268,1816,1067.0,2583,358,636,51.853871319520174,False,False,False,False,False,False,False,False,False,False,False,False,False,False,False,False,False,False,False,False,False,False,False,True,False,False,False,False,False,False,False,False,False,True,False,False,False
2537,963,38.0,47.099999999999994,44,6130,2886,1641,1278,3233,1615,1089.0,2577,292,438,53.52073476203729,False,False,False,False,False,False,False,False,False,False,False,False,False,False,False,False,False,False,False,False,False,False,False,False,True,False,False,False,False,False,False,False,False,True,False,False,False
2345,864,36.8,45.7,25,6544,2990,1770,1394,3027,1801,1020.0,2295,309,574,50.63110264348655,False,False,False,False,False,False,False,False,False,False,False,False,False,False,False,False,False,False,False,False,False,False,False,False,False,False,True,False,False,False,False,False,False,True,False,False,False
3034,1067,35.199999999999996,45.1,29,7524,3392,1918,1443,3780,2118,1397.0,2825,419,675,51.781737193763924,False,False,False,False,False,False,False,False,False,False,False,False,False,False,False,False,False,False,False,False,False,False,False,False,False,False,False,False,False,False,False,False,True,False,False,False,False
2829,1032,36.5,46.5,49,7423,3451,1598,1282,3653,2155,1052.0,2849,435,706,52.655637788419675,True,False,False,False,False,False,False,False,False,False,False,False,False,False,False,False,False,False,False,False,False,False,False,False,False,False,False,False,False,False,False,False,True,False,False,False,False
2965,1047,35.3,44.9,42,7358,3301,2088,1555,3819,1954,1236.0,2919,339,539,51.30890052356021,False,False,False,False,False,False,False,False,False,False,False,False,False,True,False,False,False,False,False,False,False,False,False,False,False,False,False,False,False,False,False,False,True,False,False,False,False
2783,977,35.099999999999994,44.800000000000004,39,7362,3297,1895,1510,3592,1905,1001.0,2778,405,591,50.66608429788163,False,False,False,False,False,False,False,False,False,False,False,False,False,False,False,False,False,False,False,False,False,False,False,False,False,False,False,False,True,False,False,False,True,False,False,False,False
2123,745,35.099999999999994,45.300000000000004,22,7205,3266,1695,1328,3517,1796,1159.0,2799,351,603,49.60645415190869,False,False,False,True,False,False,False,False,False,False,False,False,False,False,False,False,False,False,False,False,False,False,False,False,False,False,False,False,False,False,False,False,True,False,False,False,False
2388,847,35.5,44.4,19,7184,3189,1694,1342,3498,1698,1106.0,2619,195,534,48.83236030025021,False,True,False,False,False,False,False,False,False,False,False,False,False,False,False,False,False,False,False,False,False,False,False,False,False,False,False,False,False,False,False,False,True,False,False,False,False
3002,1022,34.0,44.7,33,7122,3182,2076,1541,3716,1918,1167.0,2884,351,533,52.42718446601942,False,False,False,False,True,False,False,False,False,False,False,False,False,False,False,False,False,False,False,False,False,False,False,False,False,False,False,False,False,False,False,False,True,False,False,False,False
2571,903,35.099999999999994,46.6,54,7384,3439,1714,1294,3804,2245,1102.0,2832,363,634,52.690629544982336,False,False,False,False,False,True,False,False,False,False,False,False,False,False,False,False,False,False,False,False,False,False,False,False,False,False,False,False,False,False,False,False,True,False,False,False,False
2854,993,34.8,44.0,41,7238,3185,1893,1415,3688,1845,1135.0,2752,331,569,50.0,False,False,False,False,False,False,False,False,False,False,False,False,False,False,False,False,False,False,False,False,False,False,False,False,False,False,False,True,False,False,False,False,True,False,False,False,False
2824,1087,38.5,49.1,57,7361,3612,1672,1339,3787,2413,1169.0,2990,525,625,55.653515538902354,False,False,False,False,False,False,True,False,False,False,False,False,False,False,False,False,False,False,False,False,False,False,False,False,False,False,False,False,False,False,False,False,True,False,False,False,False
3721,1323,35.6,44.9,53,7163,3218,2001,1582,3449,1741,1094.0,2613,405,700,55.055200464846024,False,False,False,False,False,False,False,True,False,False,False,False,False,False,False,False,False,False,False,False,False,False,False,False,False,False,False,False,False,False,False,False,True,False,False,False,False
2081,779,37.4,47.5,48,7135,3390,1727,1298,3528,2128,1122.0,2766,404,713,51.66204986149584,False,False,False,False,False,False,False,False,False,False,False,False,False,False,False,False,True,False,False,False,False,False,False,False,False,False,False,False,False,False,False,False,True,False,False,False,False
2118,821,38.800000000000004,47.099999999999994,48,7178,3384,2340,1853,3732,1970,1193.0,2936,385,561,50.65217391304348,False,False,False,False,False,False,False,False,True,False,False,False,False,False,False,False,False,False,False,False,False,False,False,False,False,False,False,False,False,False,False,False,True,False,False,False,False
2541,847,33.300000000000004,47.0,37,7425,3491,1910,1336,3820,2096,1284.0,2985,440,618,54.13595413595414,False,False,False,False,False,False,False,False,False,True,False,False,False,False,False,False,False,False,False,False,False,False,False,False,False,False,False,False,False,False,False,False,True,False,False,False,False
2368,811,34.2,45.0,33,6924,3113,1882,1453,3426,1963,1147.0,2703,448,684,50.52677787532923,False,False,False,False,False,False,False,False,False,False,False,False,False,False,False,False,False,False,False,False,False,False,False,False,False,True,False,False,False,False,False,False,True,False,False,False,False
2658,928,34.9,45.0,39,7218,3251,1782,1238,3800,1991,1208.0,2879,448,627,50.94298245614035,False,False,False,False,False,False,False,False,False,False,True,False,False,False,False,False,False,False,False,False,False,False,False,False,False,False,False,False,False,False,False,False,True,False,False,False,False
3134,1105,35.3,47.599999999999994,60,7471,3555,1904,1471,4078,2136,1137.0,3316,486,615,56.4906617477519,False,False,False,False,False,False,False,False,False,False,False,True,False,False,False,False,False,False,False,False,False,False,False,False,False,False,False,False,False,False,False,False,True,False,False,False,False
2357,827,35.099999999999994,45.6,36,7483,3413,1995,1570,3673,2018,1074.0,2750,411,683,50.44869293796332,False,False,False,False,False,False,False,False,False,False,False,False,True,False,False,False,False,False,False,False,False,False,False,False,False,False,False,False,False,False,False,False,True,False,False,False,False
2449,842,34.4,47.3,33,7563,3581,1921,1462,3878,2216,1215.0,2969,441,610,53.558858036761826,False,False,True,False,False,False,False,False,False,False,False,False,False,False,False,False,False,False,False,False,False,False,False,False,False,False,False,False,False,False,False,False,True,False,False,False,False
2421,823,34.0,43.3,17,7241,3134,1956,1484,3668,1646,1151.0,2811,422,557,47.94605809128631,False,False,False,False,False,False,False,False,False,False,False,False,False,False,True,False,False,False,False,False,False,False,False,False,False,False,False,False,False,False,False,False,True,False,False,False,False
2677,932,34.8,45.4,49,7706,3497,2049,1461,3942,1917,1145.0,2911,425,766,51.00417578047326,False,False,False,False,False,False,False,False,False,False,False,False,False,False,False,False,False,False,False,False,False,False,True,False,False,False,False,False,False,False,False,False,True,False,False,False,False
2633,937,35.6,45.4,42,7307,3316,1575,1231,3724,2095,1082.0,2902,445,543,50.898587933247754,False,False,False,False,False,False,False,False,False,False,False,False,False,False,False,True,False,False,False,False,False,False,False,False,False,False,False,False,False,False,False,False,True,False,False,False,False
2474,889,35.9,47.099999999999994,51,7233,3407,2258,1742,3917,2207,1223.0,3025,432,606,52.910275267913434,False,False,False,False,False,False,False,False,False,False,False,False,False,False,False,False,False,True,False,False,False,False,False,False,False,False,False,False,False,False,False,False,True,False,False,False,False
2400,790,32.9,45.9,19,7164,3289,1858,1447,3311,1957,1279.0,2563,418,735,52.455919395466,False,False,False,False,False,False,False,False,False,False,False,False,False,False,False,False,False,False,True,False,False,False,False,False,False,False,False,False,False,False,False,False,True,False,False,False,False
2520,904,35.9,46.7,53,7427,3470,1914,1558,3935,1887,1135.0,2968,413,546,52.29264316282861,False,False,False,False,False,False,False,False,False,False,False,False,False,False,False,False,False,False,False,True,False,False,False,False,False,False,False,False,False,False,False,False,True,False,False,False,False
2455,927,37.8,46.400000000000006,39,7637,3541,1865,1354,3725,2083,1095.0,2819,363,679,50.443844075646474,False,False,False,False,False,False,False,False,False,False,False,False,False,False,False,False,False,False,False,False,True,False,False,False,False,False,False,False,False,False,False,False,True,False,False,False,False
2071,812,39.2,47.8,48,7248,3468,1720,1408,3667,2013,992.0,2910,386,501,51.303843925053116,False,False,False,False,False,False,False,False,False,False,False,False,False,False,False,False,False,False,False,False,False,True,False,False,False,False,False,False,False,False,False,False,True,False,False,False,False
2771,1015,36.6,47.4,58,7305,3460,1803,1449,3706,2085,1150.0,2920,437,680,53.925893250992495,False,False,False,False,False,False,False,False,False,False,False,False,False,False,False,False,False,False,False,False,False,False,False,True,False,False,False,False,False,False,False,False,True,False,False,False,False
2789,993,35.6,46.800000000000004,50,7082,3314,2092,1540,3801,2133,1240.0,2981,483,663,54.06475658047986,False,False,False,False,False,False,False,False,False,False,False,False,False,False,False,False,False,False,False,False,False,False,False,False,True,False,False,False,False,False,False,False,True,False,False,False,False
2731,930,34.1,46.800000000000004,32,7387,3456,1963,1508,3473,2154,1154.0,2679,379,683,54.25257731958762,False,False,False,False,False,False,False,False,False,False,False,False,False,False,False,False,False,False,False,False,False,False,False,False,False,False,True,False,False,False,False,False,True,False,False,False,False
2544,917,36.0,44.6,24,7015,3130,1654,1298,3436,1946,1274.0,2693,348,638,49.496756877656004,False,False,False,False,False,False,False,False,False,False,False,False,False,False,False,False,False,False,False,False,False,False,False,False,False,False,False,False,False,False,False,True,False,False,False,False,False
2492,939,37.7,45.0,55,6975,3141,1697,1308,3645,1842,1148.0,2878,373,604,49.118893598037026,True,False,False,False,False,False,False,False,False,False,False,False,False,False,False,False,False,False,False,False,False,False,False,False,False,False,False,False,False,False,False,True,False,False,False,False,False
2924,1041,35.6,44.1,28,7114,3136,1850,1428,3644,1941,1245.0,2852,390,512,50.0,False,False,False,False,False,False,False,False,False,False,False,False,False,True,False,False,False,False,False,False,False,False,False,False,False,False,False,False,False,False,False,True,False,False,False,False,False
2233,824,36.9,45.0,36,7106,3197,2216,1656,3728,1770,1041.0,2901,373,559,48.696901292838085,False,False,False,False,False,False,False,False,False,False,False,False,False,False,False,False,False,False,False,False,False,False,False,False,False,False,False,False,True,False,False,True,False,False,False,False,False
2549,906,35.5,43.5,27,7285,3170,1574,1194,3662,1923,1147.0,2872,289,626,47.80405405405405,False,False,False,True,False,False,False,False,False,False,False,False,False,False,False,False,False,False,False,False,False,False,False,False,False,False,False,False,False,False,False,True,False,False,False,False,False
2636,981,37.2,47.599999999999994,50,6950,3311,1909,1488,3455,1916,1126.0,2761,312,582,54.010199350950394,False,True,False,False,False,False,False,False,False,False,False,False,False,False,False,False,False,False,False,False,False,False,False,False,False,False,False,False,False,False,False,True,False,False,False,False,False
2688,967,36.0,44.4,24,7042,3128,1530,1167,3383,1858,1007.0,2717,310,578,49.63252181901699,False,False,False,False,True,False,False,False,False,False,False,False,False,False,False,False,False,False,False,False,False,False,False,False,False,False,False,False,False,False,False,True,False,False,False,False,False
2536,940,37.1,47.0,46,7102,3338,1830,1404,3650,2059,1226.0,2748,404,627,52.51861585632939,False,False,False,False,False,True,False,False,False,False,False,False,False,False,False,False,False,False,False,False,False,False,False,False,False,False,False,False,False,False,False,True,False,False,False,False,False
2373,886,37.3,45.0,39,7129,3208,1621,1207,3586,1868,1102.0,2756,317,628,48.82253994953742,False,False,False,False,False,False,False,False,False,False,False,False,False,False,False,False,False,False,False,False,False,False,False,False,False,False,False,True,False,False,False,True,False,False,False,False,False
2369,926,39.1,50.3,58,6979,3509,1668,1360,3568,2402,1265.0,2877,612,656,56.03036876355748,False,False,False,False,False,False,True,False,False,False,False,False,False,False,False,False,False,False,False,False,False,False,False,False,False,False,False,False,False,False,False,True,False,False,False,False,False
3470,1256,36.199999999999996,46.0,65,6906,3174,2061,1609,3564,1767,1135.0,2825,392,699,55.820721769499414,False,False,False,False,False,False,False,True,False,False,False,False,False,False,False,False,False,False,False,False,False,False,False,False,False,False,False,False,False,False,False,True,False,False,False,False,False
2010,741,36.9,47.199999999999996,48,7083,3345,1573,1225,3472,1819,1088.0,2684,340,721,51.33057362507392,False,False,False,False,False,False,False,False,False,False,False,False,False,False,False,False,True,False,False,False,False,False,False,False,False,False,False,False,False,False,False,True,False,False,False,False,False
2196,777,35.4,47.099999999999994,42,7004,3302,2095,1556,3598,1832,1204.0,2766,372,628,52.51663893510815,False,False,False,False,False,False,False,False,True,False,False,False,False,False,False,False,False,False,False,False,False,False,False,False,False,False,False,False,False,False,False,True,False,False,False,False,False
2384,822,34.5,46.1,35,7248,3338,1910,1364,3803,1949,1295.0,2927,388,633,51.726973684210535,False,False,False,False,False,False,False,False,False,True,False,False,False,False,False,False,False,False,False,False,False,False,False,False,False,False,False,False,False,False,False,True,False,False,False,False,False
2152,758,35.199999999999996,44.4,22,6788,3013,1732,1361,3323,1767,1227.0,2544,396,613,48.641069887834334,False,False,False,False,False,False,False,False,False,False,False,False,False,False,False,False,False,False,False,False,False,False,False,False,False,True,False,False,False,False,False,True,False,False,False,False,False
2506,903,36.0,45.5,44,6997,3184,1601,1209,3564,1862,1178.0,2801,437,620,50.79046982854598,False,False,False,False,False,False,False,False,False,False,True,False,False,False,False,False,False,False,False,False,False,False,False,False,False,False,False,False,False,False,False,True,False,False,False,False,False
2024,718,35.5,47.8,44,6807,3257,1915,1499,3267,1905,1135.0,2579,443,722,53.08383859502405,False,False,False,False,False,False,False,False,False,False,False,True,False,False,False,False,False,False,False,False,False,False,False,False,False,False,False,False,False,False,False,True,False,False,False,False,False
1845,658,35.699999999999996,47.599999999999994,47,7063,3365,1980,1592,3441,1861,1021.0,2593,345,689,51.87811422000767,False,False,False,False,False,False,False,False,False,False,False,False,True,False,False,False,False,False,False,False,False,False,False,False,False,False,False,False,False,False,False,True,False,False,False,False,False
2312,837,36.199999999999996,48.3,48,7241,3500,1716,1324,3635,2195,1223.0,2923,485,657,54.02718604179346,False,False,True,False,False,False,False,False,False,False,False,False,False,False,False,False,False,False,False,False,False,False,False,False,False,False,False,False,False,False,False,True,False,False,False,False,False
1914,673,35.199999999999996,46.400000000000006,29,7193,3334,1557,1225,3611,1912,1208.0,2752,421,552,50.40727410494412,False,False,False,False,False,False,False,False,False,False,False,False,False,False,True,False,False,False,False,False,False,False,False,False,False,False,False,False,False,False,False,True,False,False,False,False,False
2491,881,35.4,45.300000000000004,48,7221,3271,1985,1421,3695,1750,1147.0,2671,412,743,50.52854122621564,False,False,False,False,False,False,False,False,False,False,False,False,False,False,False,False,False,False,False,False,False,False,True,False,False,False,False,False,False,False,False,True,False,False,False,False,False
2405,844,35.099999999999994,45.2,25,7042,3182,1678,1271,3414,1921,1192.0,2692,400,622,50.42053051541945,False,False,False,False,False,False,False,False,False,False,False,False,False,False,False,True,False,False,False,False,False,False,False,False,False,False,False,False,False,False,False,True,False,False,False,False,False
2445,901,36.9,47.199999999999996,52,7098,3349,1868,1405,3889,2221,1353.0,2996,420,682,52.61121856866537,False,False,False,False,False,False,False,False,False,False,False,False,False,False,False,False,False,True,False,False,False,False,False,False,False,False,False,False,False,False,False,True,False,False,False,False,False
2286,763,33.4,44.2,21,7141,3153,1962,1453,3618,1743,1289.0,2776,370,569,49.22760041194645,False,False,False,False,False,False,False,False,False,False,False,False,False,False,False,False,False,False,True,False,False,False,False,False,False,False,False,False,False,False,False,True,False,False,False,False,False
2308,845,36.6,45.2,49,7132,3222,1715,1372,3728,1599,1109.0,2893,423,573,49.27446102819238,False,False,False,False,False,False,False,False,False,False,False,False,False,False,False,False,False,False,False,True,False,False,False,False,False,False,False,False,False,False,False,True,False,False,False,False,False
1967,738,37.5,45.0,27,7063,3179,1371,1008,3354,1768,1125.0,2578,340,643,47.90031397174254,False,False,False,False,False,False,False,False,False,False,False,False,False,False,False,False,False,False,False,False,True,False,False,False,False,False,False,False,False,False,False,True,False,False,False,False,False
1977,696,35.199999999999996,45.7,47,6999,3202,1715,1324,3626,1868,1078.0,2777,460,628,49.90043807248109,False,False,False,False,False,False,False,False,False,False,False,False,False,False,False,False,False,False,False,False,False,True,False,False,False,False,False,False,False,False,False,True,False,False,False,False,False
2705,968,35.8,47.199999999999996,59,7169,3383,1790,1422,3607,1995,1095.0,2807,500,626,54.0994623655914,False,False,False,False,False,False,False,False,False,False,False,False,False,False,False,False,False,False,False,False,False,False,False,True,False,False,False,False,False,False,False,True,False,False,False,False,False
2425,887,36.6,46.2,48,6797,3139,1766,1375,3547,1839,1205.0,2807,420,708,51.5096065873742,False,False,False,False,False,False,False,False,False,False,False,False,False,False,False,False,False,False,False,False,False,False,False,False,True,False,False,False,False,False,False,True,False,False,False,False,False
2173,814,37.5,46.7,43,7018,3275,1786,1378,3536,2065,1196.0,2713,353,645,50.794633642930854,False,False,False,False,False,False,False,False,False,False,False,False,False,False,False,False,False,False,False,False,False,False,False,False,False,False,True,False,False,False,False,True,False,False,False,False,False
2137,729,34.1,45.1,43,6918,3123,2039,1484,3635,1938,1294.0,2793,397,672,50.07320644216691,False,False,False,False,False,False,False,False,False,False,False,False,False,False,False,False,False,False,False,False,False,False,False,False,False,False,False,False,False,False,True,False,False,False,False,False,False
2741,985,35.9,45.4,53,6977,3168,1903,1536,3441,2069,1088.0,2698,340,617,51.53446647780925,True,False,False,False,False,False,False,False,False,False,False,False,False,False,False,False,False,False,False,False,False,False,False,False,False,False,False,False,False,False,True,False,False,False,False,False,False
2591,877,33.800000000000004,44.4,20,6987,3102,2020,1592,3600,1756,1356.0,2879,387,593,50.614194722474984,False,False,False,False,False,False,False,False,False,False,False,False,False,True,False,False,False,False,False,False,False,False,False,False,False,False,False,False,False,False,True,False,False,False,False,False,False
2347,824,35.099999999999994,44.2,36,7000,3093,1953,1591,3574,1891,942.0,2853,390,571,48.76423812594025,False,False,False,False,False,False,False,False,False,False,False,False,False,False,False,False,False,False,False,False,False,False,False,False,False,False,False,False,True,False,True,False,False,False,False,False,False
1831,623,34.0,44.4,41,7141,3169,1848,1474,3796,1851,1112.0,2797,393,643,47.94726930320151,False,False,False,True,False,False,False,False,False,False,False,False,False,False,False,False,False,False,False,False,False,False,False,False,False,False,False,False,False,False,True,False,False,False,False,False,False
2779,1067,38.4,47.0,51,6963,3275,1913,1431,3587,1858,1121.0,2821,327,539,52.77246653919694,False,True,False,False,False,False,False,False,False,False,False,False,False,False,False,False,False,False,False,False,False,False,False,False,False,False,False,False,False,False,True,False,False,False,False,False,False
2473,878,35.5,44.0,33,6750,2968,1516,1215,3163,1705,972.0,2516,307,614,48.866027589431845,False,False,False,False,True,False,False,False,False,False,False,False,False,False,False,False,False,False,False,False,False,False,False,False,False,False,False,False,False,False,True,False,False,False,False,False,False
2365,870,36.8,46.9,40,7194,3377,1986,1537,3803,2077,1226.0,2837,323,568,51.91551045765169,False,False,False,False,False,True,False,False,False,False,False,False,False,False,False,False,False,False,False,False,False,False,False,False,False,False,False,False,False,False,True,False,False,False,False,False,False
1915,631,33.0,44.9,37,7282,3269,1586,1140,3746,1732,973.0,2838,310,574,49.15222656977827,False,False,False,False,False,False,False,False,False,False,False,False,False,False,False,False,False,False,False,False,False,False,False,False,False,False,False,True,False,False,True,False,False,False,False,False,False
2562,982,38.3,49.5,67,7140,3532,1850,1457,3643,2491,1211.0,2873,555,785,55.70117955439057,False,False,False,False,False,False,True,False,False,False,False,False,False,False,False,False,False,False,False,False,False,False,False,False,False,False,False,False,False,False,True,False,False,False,False,False,False
3306,1181,35.699999999999996,46.2,55,7152,3305,2177,1667,3638,2070,1240.0,2746,352,670,55.22620904836193,False,False,False,False,False,False,False,True,False,False,False,False,False,False,False,False,False,False,False,False,False,False,False,False,False,False,False,False,False,False,True,False,False,False,False,False,False
1885,709,37.6,46.5,42,6931,3221,1811,1467,3444,1844,1130.0,2702,409,669,49.78200554894966,False,False,False,False,False,False,False,False,False,False,False,False,False,False,False,False,True,False,False,False,False,False,False,False,False,False,False,False,False,False,True,False,False,False,False,False,False
2245,841,37.5,47.5,51,6820,3242,2128,1586,3528,1848,1062.0,2790,347,612,52.4808743169399,False,False,False,False,False,False,False,False,True,False,False,False,False,False,False,False,False,False,False,False,False,False,False,False,False,False,False,False,False,False,True,False,False,False,False,False,False
2110,730,34.599999999999994,45.0,26,7164,3224,1853,1397,3569,1716,1243.0,2636,320,674,49.34705184012663,False,False,False,False,False,False,False,False,False,True,False,False,False,False,False,False,False,False,False,False,False,False,False,False,False,False,False,False,False,False,True,False,False,False,False,False,False
2169,767,35.4,43.5,43,6854,2984,1918,1504,3507,1744,1059.0,2621,344,653,47.32123799359658,False,False,False,False,False,False,False,False,False,False,False,False,False,False,False,False,False,False,False,False,False,False,False,False,False,True,False,False,False,False,True,False,False,False,False,False,False
2213,808,36.5,45.5,41,7037,3202,1768,1248,3577,1742,1102.0,2705,469,588,49.62686567164179,False,False,False,False,False,False,False,False,False,False,True,False,False,False,False,False,False,False,False,False,False,False,False,False,False,False,False,False,False,False,True,False,False,False,False,False,False
1946,720,37.0,47.4,42,6715,3182,1839,1413,3312,1984,1145.0,2589,436,666,51.625078632837074,False,False,False,False,False,False,False,False,False,False,False,True,False,False,False,False,False,False,False,False,False,False,False,False,False,False,False,False,False,False,True,False,False,False,False,False,False
1723,601,34.9,46.7,31,6922,3235,1986,1586,3478,1940,1150.0,2540,370,654,50.66358915175996,False,False,False,False,False,False,False,False,False,False,False,False,True,False,False,False,False,False,False,False,False,False,False,False,False,False,False,False,False,False,True,False,False,False,False,False,False
2196,768,35.0,45.0,34,7130,3210,1825,1368,3582,1869,1054.0,2879,453,638,49.49331171463316,False,False,True,False,False,False,False,False,False,False,False,False,False,False,False,False,False,False,False,False,False,False,False,False,False,False,False,False,False,False,True,False,False,False,False,False,False
2022,704,34.8,44.7,31,7256,3244,1731,1364,3706,1786,1139.0,2723,455,581,48.528849828047385,False,False,False,False,False,False,False,False,False,False,False,False,False,False,True,False,False,False,False,False,False,False,False,False,False,False,False,False,False,False,True,False,False,False,False,False,False
2116,692,32.7,45.2,47,7169,3237,2113,1575,3823,1721,1230.0,2821,408,648,50.36611913714625,False,False,False,False,False,False,False,False,False,False,False,False,False,False,False,False,False,False,False,False,False,False,True,False,False,False,False,False,False,False,True,False,False,False,False,False,False
2139,701,32.800000000000004,44.0,29,7133,3139,1753,1309,3541,1820,1091.0,2734,396,580,48.818582298758514,False,False,False,False,False,False,False,False,False,False,False,False,False,False,False,True,False,False,False,False,False,False,False,False,False,False,False,False,False,False,True,False,False,False,False,False,False
2443,831,34.0,44.2,28,6992,3088,1806,1393,3513,1949,1366.0,2706,420,692,49.61530006594856,False,False,False,False,False,False,False,False,False,False,False,False,False,False,False,False,False,True,False,False,False,False,False,False,False,False,False,False,False,False,True,False,False,False,False,False,False
1854,615,33.2,45.0,24,7260,3270,2159,1676,3688,1604,1265.0,2712,399,673,49.112097669256386,False,False,False,False,False,False,False,False,False,False,False,False,False,False,False,False,False,False,True,False,False,False,False,False,False,False,False,False,False,False,True,False,False,False,False,False,False
2272,852,37.5,45.9,41,7059,3243,1940,1513,3580,1733,1126.0,2750,408,574,49.947775224566534,False,False,False,False,False,False,False,False,False,False,False,False,False,False,False,False,False,False,False,True,False,False,False,False,False,False,False,False,False,False,True,False,False,False,False,False,False
1960,737,37.6,46.1,32,6734,3105,1913,1483,3367,1844,1201.0,2652,324,627,49.602010892333475,False,False,False,False,False,False,False,False,False,False,False,False,False,False,False,False,False,False,False,False,True,False,False,False,False,False,False,False,False,False,True,False,False,False,False,False,False
1927,753,39.1,46.9,61,6864,3222,1806,1440,3598,1954,1101.0,2777,484,655,50.010127607859026,False,False,False,False,False,False,False,False,False,False,False,False,False,False,False,False,False,False,False,False,False,True,False,False,False,False,False,False,False,False,True,False,False,False,False,False,False
1996,725,36.3,46.400000000000006,51,6918,3211,2028,1615,3547,1517,1041.0,2676,400,677,50.50792360828932,False,False,False,False,False,False,False,False,False,False,False,False,False,False,False,False,False,False,False,False,False,False,False,True,False,False,False,False,False,False,True,False,False,False,False,False,False
2128,791,37.2,46.6,51,6515,3033,1875,1401,3545,1651,1118.0,2774,410,550,51.10553909277411,False,False,False,False,False,False,False,False,False,False,False,False,False,False,False,False,False,False,False,False,False,False,False,False,True,False,False,False,False,False,True,False,False,False,False,False,False
2030,756,37.2,47.5,49,7137,3388,1812,1421,3514,1956,1162.0,2671,336,693,51.53710593303309,False,False,False,False,False,False,False,False,False,False,False,False,False,False,False,False,False,False,False,False,False,False,False,False,False,False,True,False,False,False,True,False,False,False,False,False,False
2326,815,35.0,45.800000000000004,48,6923,3168,1638,1282,3451,2100,1226.0,2772,486,747,51.185555797259084,False,False,False,False,False,False,False,False,False,False,False,False,False,False,False,False,False,False,False,False,False,False,False,False,False,False,False,False,False,True,False,False,False,False,False,False,False
2142,717,33.5,43.9,48,7318,3216,1929,1520,3683,1981,1127.0,2733,348,752,48.2805255023184,True,False,False,False,False,False,False,False,False,False,False,False,False,False,False,False,False,False,False,False,False,False,False,False,False,False,False,False,False,True,False,False,False,False,False,False,False
1508,531,35.199999999999996,45.300000000000004,21,6920,3136,1699,1286,3477,1829,1212.0,2614,332,627,48.13377679231338,False,False,False,False,False,False,False,False,False,False,False,False,False,True,False,False,False,False,False,False,False,False,False,False,False,False,False,False,False,True,False,False,False,False,False,False,False
2410,873,36.199999999999996,43.9,48,6922,3036,1941,1534,3603,1778,1029.0,2869,438,595,47.93882978723404,False,False,False,False,False,False,False,False,False,False,False,False,False,False,False,False,False,False,False,False,False,False,False,False,False,False,False,False,True,True,False,False,False,False,False,False,False
1753,651,37.1,44.1,42,7170,3165,1720,1354,3796,1870,1141.0,2889,470,495,46.40945172604763,False,False,False,True,False,False,False,False,False,False,False,False,False,False,False,False,False,False,False,False,False,False,False,False,False,False,False,False,False,True,False,False,False,False,False,False,False
2428,880,36.199999999999996,46.0,57,6888,3171,1783,1333,3650,1861,1114.0,2777,317,551,51.36771300448431,False,True,False,False,False,False,False,False,False,False,False,False,False,False,False,False,False,False,False,False,False,False,False,False,False,False,False,False,False,True,False,False,False,False,False,False,False
2342,806,34.4,44.4,42,6900,3064,1831,1454,3532,1813,1047.0,2781,306,560,49.53927161035542,False,False,False,False,True,False,False,False,False,False,False,False,False,False,False,False,False,False,False,False,False,False,False,False,False,False,False,False,False,True,False,False,False,False,False,False,False
1943,656,33.800000000000004,44.2,33,7003,3093,1974,1513,3659,1858,1202.0,2718,395,609,48.162055335968375,False,False,False,False,False,True,False,False,False,False,False,False,False,False,False,False,False,False,False,False,False,False,False,False,False,False,False,False,False,True,False,False,False,False,False,False,False
2148,740,34.5,43.9,44,7087,3111,2095,1399,3798,1594,1110.0,2777,304,573,48.005669163798345,False,False,False,False,False,False,False,False,False,False,False,False,False,False,False,False,False,False,False,False,False,False,False,False,False,False,False,True,False,True,False,False,False,False,False,False,False
2592,1077,41.6,48.699999999999996,73,7159,3489,1790,1366,3788,2373,1245.0,2972,498,689,52.81366323626012,False,False,False,False,False,False,True,False,False,False,False,False,False,False,False,False,False,False,False,False,False,False,False,False,False,False,False,False,False,True,False,False,False,False,False,False,False
2533,878,34.699999999999996,45.2,41,6847,3094,2407,1671,3531,1821,1307.0,2601,430,821,51.36764024107556,False,False,False,False,False,False,False,True,False,False,False,False,False,False,False,False,False,False,False,False,False,False,False,False,False,False,False,False,False,True,False,False,False,False,False,False,False
1889,663,35.099999999999994,45.0,45,6985,3142,1872,1430,3626,1741,1219.0,2779,391,742,48.64599686028257,False,False,False,False,False,False,False,False,False,False,False,False,False,False,False,False,True,False,False,False,False,False,False,False,False,False,False,False,False,True,False,False,False,False,False,False,False
2190,797,36.4,46.5,53,6759,3141,2152,1490,3448,1873,1063.0,2727,460,709,51.30225432260889,False,False,False,False,False,False,False,False,True,False,False,False,False,False,False,False,False,False,False,False,False,False,False,False,False,False,False,False,False,True,False,False,False,False,False,False,False
2016,639,31.7,41.4,17,6956,2880,2028,1583,3523,1478,1124.0,2645,337,593,45.364372469635626,False,False,False,False,False,False,False,False,False,True,False,False,False,False,False,False,False,False,False,False,False,False,False,False,False,False,False,False,False,True,False,False,False,False,False,False,False
1521,504,33.1,44.0,42,6859,3019,2024,1584,3413,1697,1090.0,2497,350,724,47.11502435369052,False,False,False,False,False,False,False,False,False,False,False,False,False,False,False,False,False,False,False,False,False,False,False,False,False,True,False,False,False,True,False,False,False,False,False,False,False
1480,498,33.6,47.0,48,6697,3150,1889,1406,3618,1709,1155.0,2811,531,553,50.83381253594019,False,False,False,False,False,False,False,False,False,False,True,False,False,False,False,False,False,False,False,False,False,False,False,False,False,False,False,False,False,True,False,False,False,False,False,False,False
1277,440,34.5,46.7,33,6740,3145,1863,1392,3417,1895,1247.0,2559,475,672,49.51491854292514,False,False,False,False,False,False,False,False,False,False,False,True,False,False,False,False,False,False,False,False,False,False,False,False,False,False,False,False,False,True,False,False,False,False,False,False,False
1347,455,33.800000000000004,46.400000000000006,29,6668,3095,2213,1753,3408,1916,1231.0,2587,375,656,49.61473407254275,False,False,False,False,False,False,False,False,False,False,False,False,True,False,False,False,False,False,False,False,False,False,False,False,False,False,False,False,False,True,False,False,False,False,False,False,False
1951,702,36.0,44.800000000000004,30,7040,3153,1823,1415,3494,1818,1102.0,2712,342,633,48.16270387109452,False,False,True,False,False,False,False,False,False,False,False,False,False,False,False,False,False,False,False,False,False,False,False,False,False,False,False,False,False,True,False,False,False,False,False,False,False
1762,610,34.599999999999994,43.9,32,6886,3022,1753,1411,3638,1682,1099.0,2788,466,467,47.07259953161593,False,False,False,False,False,False,False,False,False,False,False,False,False,False,True,False,False,False,False,False,False,False,False,False,False,False,False,False,False,True,False,False,False,False,False,False,False
1945,678,34.9,47.599999999999994,55,7082,3372,2067,1616,3987,1883,1305.0,2916,487,603,52.443060151839596,False,False,False,False,False,False,False,False,False,False,False,False,False,False,False,False,False,False,False,False,False,False,True,False,False,False,False,False,False,True,False,False,False,False,False,False,False
1818,636,35.0,45.5,35,7120,3242,1649,1249,3552,1933,1155.0,2709,417,673,49.15126367408525,False,False,False,False,False,False,False,False,False,False,False,False,False,False,False,True,False,False,False,False,False,False,False,False,False,False,False,False,False,True,False,False,False,False,False,False,False
2255,764,33.900000000000006,43.1,10,6887,2970,1850,1284,3382,1765,1343.0,2605,495,680,47.62521588946459,False,False,False,False,False,False,False,False,False,False,False,False,False,False,False,False,False,True,False,False,False,False,False,False,False,False,False,False,False,True,False,False,False,False,False,False,False
2118,738,34.8,43.5,23,7018,3051,1905,1431,3676,1701,1410.0,2733,313,632,47.20408163265306,False,False,False,False,False,False,False,False,False,False,False,False,False,False,False,False,False,False,True,False,False,False,False,False,False,False,False,False,False,True,False,False,False,False,False,False,False
2336,864,37.0,45.0,44,7040,3167,1889,1424,3730,1748,1200.0,2782,380,562,48.95833333333333,False,False,False,False,False,False,False,False,False,False,False,False,False,False,False,False,False,False,False,True,False,False,False,False,False,False,False,False,False,True,False,False,False,False,False,False,False
1839,660,35.9,46.400000000000006,33,7083,3283,2089,1514,3628,2009,1326.0,2760,368,733,50.019069412662084,False,False,False,False,False,False,False,False,False,False,False,False,False,False,False,False,False,False,False,False,True,False,False,False,False,False,False,False,False,True,False,False,False,False,False,False,False
1518,570,37.5,48.4,67,6797,3289,1672,1342,3601,2010,1071.0,2831,485,677,51.505967039211974,False,False,False,False,False,False,False,False,False,False,False,False,False,False,False,False,False,False,False,False,False,True,False,False,False,False,False,False,False,True,False,False,False,False,False,False,False
1915,708,37.0,45.1,56,6669,3006,2190,1702,3560,1536,1073.0,2724,449,636,48.33824148085822,False,False,False,False,False,False,False,False,False,False,False,False,False,False,False,False,False,False,False,False,False,False,False,True,False,False,False,False,False,True,False,False,False,False,False,False,False
1956,694,35.5,44.9,40,6593,2957,1885,1402,3545,1554,1224.0,2665,425,631,48.80310545611387,False,False,False,False,False,False,False,False,False,False,False,False,False,False,False,False,False,False,False,False,False,False,False,False,True,False,False,False,False,True,False,False,False,False,False,False,False
1983,709,35.8,46.0,41,7033,3238,1849,1349,3431,2005,1186.0,2688,323,708,50.07920792079208,False,False,False,False,False,False,False,False,False,False,False,False,False,False,False,False,False,False,False,False,False,False,False,False,False,False,True,False,False,True,False,False,False,False,False,False,False
2152,818,38.0,46.6,60,6699,3121,1735,1349,3326,2111,1167.0,2611,380,744,50.6487794149989,False,False,False,False,False,False,False,False,False,False,False,False,False,False,False,False,False,False,False,False,False,False,False,False,False,False,False,False,False,False,False,False,False,False,False,False,False
2021,660,32.7,44.3,40,7211,3193,1678,1266,3595,2009,1133.0,2685,294,674,48.80539499036609,True,False,False,False,False,False,False,False,False,False,False,False,False,False,False,False,False,False,False,False,False,False,False,False,False,False,False,False,False,False,False,False,False,False,False,False,False
1633,541,33.1,45.1,38,6804,3069,1817,1359,3473,1716,1133.0,2627,340,576,48.88802939470121,False,False,False,False,False,False,False,False,False,False,False,False,False,True,False,False,False,False,False,False,False,False,False,False,False,False,False,False,False,False,False,False,False,False,False,False,False
1566,498,31.8,42.0,33,6932,2913,1867,1397,3613,1654,976.0,2793,448,499,45.005590756615725,False,False,False,False,False,False,False,False,False,False,False,False,False,False,False,False,False,False,False,False,False,False,False,False,False,False,False,False,True,False,False,False,False,False,False,False,False
1825,645,35.3,44.2,50,6797,3001,2067,1618,3751,1781,1145.0,2792,476,514,47.38535800482703,False,False,False,True,False,False,False,False,False,False,False,False,False,False,False,False,False,False,False,False,False,False,False,False,False,False,False,False,False,False,False,False,False,False,False,False,False
2253,826,36.7,45.800000000000004,53,6739,3089,1934,1453,3523,1814,1171.0,2612,340,603,50.445831475702185,False,True,False,False,False,False,False,False,False,False,False,False,False,False,False,False,False,False,False,False,False,False,False,False,False,False,False,False,False,False,False,False,False,False,False,False,False
2082,732,35.199999999999996,46.300000000000004,50,7036,3255,1843,1386,3466,1846,1062.0,2608,371,663,50.92854259184497,False,False,False,False,True,False,False,False,False,False,False,False,False,False,False,False,False,False,False,False,False,False,False,False,False,False,False,False,False,False,False,False,False,False,False,False,False
2032,660,32.5,43.3,30,7158,3099,1991,1462,3665,1788,1166.0,2653,367,641,47.58095981271947,False,False,False,False,False,True,False,False,False,False,False,False,False,False,False,False,False,False,False,False,False,False,False,False,False,False,False,False,False,False,False,False,False,False,False,False,False
2043,703,34.4,43.2,32,7038,3041,1838,1292,3681,1771,1099.0,2630,383,623,46.806806806806804,False,False,False,False,False,False,False,False,False,False,False,False,False,False,False,False,False,False,False,False,False,False,False,False,False,False,False,True,False,False,False,False,False,False,False,False,False
2217,883,39.800000000000004,47.8,67,7137,3410,1709,1313,3667,2248,1185.0,2814,496,762,51.361788617886184,False,False,False,False,False,False,True,False,False,False,False,False,False,False,False,False,False,False,False,False,False,False,False,False,False,False,False,False,False,False,False,False,False,False,False,False,False
2680,933,34.8,44.4,56,6832,3032,2133,1525,3582,1820,1366.0,2624,407,777,50.553949903660886,False,False,False,False,False,False,False,True,False,False,False,False,False,False,False,False,False,False,False,False,False,False,False,False,False,False,False,False,False,False,False,False,False,False,False,False,False
1740,612,35.199999999999996,43.9,38,6824,2998,1817,1373,3678,1757,1147.0,2822,375,505,46.931549960660895,False,False,False,False,False,False,False,False,False,False,False,False,False,False,False,False,True,False,False,False,False,False,False,False,False,False,False,False,False,False,False,False,False,False,False,False,False
2202,827,37.6,47.3,56,6830,3228,2067,1468,3495,2031,1012.0,2711,409,640,51.879861711322384,False,False,False,False,False,False,False,False,True,False,False,False,False,False,False,False,False,False,False,False,False,False,False,False,False,False,False,False,False,False,False,False,False,False,False,False,False
1546,532,34.4,43.5,21,7020,3054,1935,1433,3599,1715,1086.0,2647,366,578,46.07234198027037,False,False,False,False,False,False,False,False,False,True,False,False,False,False,False,False,False,False,False,False,False,False,False,False,False,False,False,False,False,False,False,False,False,False,False,False,False
1246,423,33.900000000000006,45.800000000000004,55,6763,3097,1869,1445,3490,1777,1094.0,2634,347,700,48.46837049120899,False,False,False,False,False,False,False,False,False,False,False,False,False,False,False,False,False,False,False,False,False,False,False,False,False,True,False,False,False,False,False,False,False,False,False,False,False
1659,556,33.5,45.6,37,6330,2885,1940,1438,3208,1626,1214.0,2461,372,642,49.860843502462,False,False,False,False,False,False,False,False,False,False,True,False,False,False,False,False,False,False,False,False,False,False,False,False,False,False,False,False,False,False,False,False,False,False,False,False,False
1500,545,36.3,45.9,41,6722,3083,1734,1312,3450,1932,1373.0,2574,403,789,48.60206817311375,False,False,False,False,False,False,False,False,False,False,False,True,False,False,False,False,False,False,False,False,False,False,False,False,False,False,False,False,False,False,False,False,False,False,False,False,False
1223,406,33.2,43.8,16,6820,2986,2110,1638,3355,1771,1231.0,2406,327,668,46.09612292299446,False,False,False,False,False,False,False,False,False,False,False,False,True,False,False,False,False,False,False,False,False,False,False,False,False,False,False,False,False,False,False,False,False,False,False,False,False
1583,586,37.0,45.7,45,6795,3108,1790,1345,3563,1806,1087.0,2621,510,553,48.38833461243285,False,False,True,False,False,False,False,False,False,False,False,False,False,False,False,False,False,False,False,False,False,False,False,False,False,False,False,False,False,False,False,False,False,False,False,False,False
1614,560,34.699999999999996,42.8,17,6726,2882,1575,1211,3310,1746,1206.0,2443,382,575,45.42253521126761,False,False,False,False,False,False,False,False,False,False,False,False,False,False,True,False,False,False,False,False,False,False,False,False,False,False,False,False,False,False,False,False,False,False,False,False,False
1864,632,33.900000000000006,44.7,45,7119,3184,2020,1524,3896,1681,1205.0,2844,454,598,48.56327307326356,False,False,False,False,False,False,False,False,False,False,False,False,False,False,False,False,False,False,False,False,False,False,True,False,False,False,False,False,False,False,False,False,False,False,False,False,False
1598,554,34.699999999999996,45.300000000000004,25,6792,3076,1565,1141,3429,1692,1221.0,2607,314,647,48.55602618405853,False,False,False,False,False,False,False,False,False,False,False,False,False,False,False,True,False,False,False,False,False,False,False,False,False,False,False,False,False,False,False,False,False,False,False,False,False
2160,692,32.0,40.8,18,6777,2765,1953,1320,3514,1683,1453.0,2536,487,789,44.89928525016244,False,False,False,False,False,False,False,False,False,False,False,False,False,False,False,False,False,True,False,False,False,False,False,False,False,False,False,False,False,False,False,False,False,False,False,False,False
2048,698,34.1,45.2,39,7038,3178,1767,1343,3539,1659,1238.0,2643,385,700,49.69939879759519,False,False,False,False,False,False,False,False,False,False,False,False,False,False,False,False,False,False,True,False,False,False,False,False,False,False,False,False,False,False,False,False,False,False,False,False,False
2231,807,36.199999999999996,45.0,51,7049,3175,1589,1272,3760,1799,1117.0,2881,372,525,49.149024491490245,False,False,False,False,False,False,False,False,False,False,False,False,False,False,False,False,False,False,False,True,False,False,False,False,False,False,False,False,False,False,False,False,False,False,False,False,False
1350,461,34.1,45.5,29,6617,3010,2400,1829,3623,1667,1333.0,2728,324,550,48.39567116005316,False,False,False,False,False,False,False,False,False,False,False,False,False,False,False,False,False,False,False,False,True,False,False,False,False,False,False,False,False,False,False,False,False,False,False,False,False
1847,677,36.7,46.800000000000004,55,6854,3208,1754,1368,3578,2000,1146.0,2772,444,657,50.54923107649291,False,False,False,False,False,False,False,False,False,False,False,False,False,False,False,False,False,False,False,False,False,True,False,False,False,False,False,False,False,False,False,False,False,False,False,False,False
2060,726,35.199999999999996,45.5,49,6829,3108,2014,1585,3407,1701,1057.0,2526,357,615,49.94757810861816,False,False,False,False,False,False,False,False,False,False,False,False,False,False,False,False,False,False,False,False,False,False,False,True,False,False,False,False,False,False,False,False,False,False,False,False,False
1781,610,34.300000000000004,44.7,38,6492,2900,1929,1391,3605,1632,1256.0,2617,489,623,48.60963701974103,False,False,False,False,False,False,False,False,False,False,False,False,False,False,False,False,False,False,False,False,False,False,False,False,True,False,False,False,False,False,False,False,False,False,False,False,False
1381,497,36.0,46.2,46,6790,3139,1758,1305,3663,1969,1233.0,2801,378,601,48.844518395267144,False,False,False,False,False,False,False,False,False,False,False,False,False,False,False,False,False,False,False,False,False,False,False,False,False,False,True,False,False,False,False,False,False,False,False,False,False
